fullName,firstName,lastName,email,phone,age,gender,address,specialties,certifications,experienceYears,availableDays,availableHours,bio,qualifications,education,hourlyRate,status
"María García López","María","García López","maria.garcia@email.com","5551234567",32,"femenino","Av. Reforma 123, CDMX","Yoga,Pilates,Meditación","Certificación Internacional de Yoga,Instructor de Pilates Certificado",5,"lunes,miércoles,viernes","09:00-17:00","Instructora especializada en bienestar y relajación con más de 5 años de experiencia.","Licenciatura en Educación Física","Universidad Nacional",350,"active"
"Carlos Rodríguez Pérez","Carlos","Rodríguez Pérez","carlos.rodriguez@email.com","5552345678",28,"masculino","Col. Roma Norte 456","Fútbol,Básquetbol,Atletismo","Entrenador Deportivo Nivel 1,Primeros Auxilios",3,"martes,jueves,sábado","08:00-16:00","Entrenador deportivo con pasión por desarrollar habilidades atléticas en jóvenes y adultos.","Licenciatura en Ciencias del Deporte","Instituto Politécnico Nacional",280,"active"
"Ana Martínez Silva","Ana","Martínez Silva","ana.martinez@email.com","5553456789",35,"femenino","Col. Condesa 789","Danza,Teatro,Música","Maestra en Artes Escénicas,Certificación en Danza Contemporánea",8,"lunes,martes,miércoles,jueves","10:00-18:00","Artista multidisciplinaria con experiencia en enseñanza de artes escénicas para todas las edades.","Maestría en Artes Escénicas","Universidad de las Artes",400,"active"
"José López Hernández","José","López Hernández","jose.lopez@email.com","5554567890",41,"masculino","Col. Polanco 321","Jardinería,Ecología,Reforestación","Ingeniero Ambiental,Certificación en Manejo Forestal",12,"lunes,miércoles,viernes,domingo","07:00-15:00","Especialista en medio ambiente con amplia experiencia en educación ecológica y conservación.","Ingeniería Ambiental","Universidad Autónoma",320,"active"
"Laura Hernández García","Laura","Hernández García","laura.hernandez@email.com","5555678901",29,"femenino","Col. Santa Fe 654","Cocina,Nutrición,Alimentación Saludable","Chef Profesional,Nutrióloga Certificada",4,"martes,jueves,sábado,domingo","11:00-19:00","Chef y nutrióloga especializada en alimentación saludable y educación nutricional comunitaria.","Licenciatura en Nutrición","Universidad Iberoamericana",380,"active"